employee_no,year,leave_type,entitled_days,used_days,carried_forward
DMSDEV9101,2026,annual,30,0,0
DMSDEV9101,2026,sick,15,0,0
DMSDEV9102,2026,annual,30,0,0
DMSDEV9102,2026,sick,15,0,0
DMSDEV9103,2026,annual,30,0,0
DMSDEV9103,2026,sick,15,0,0
DMSDEV9104,2026,annual,30,0,0
DMSDEV9104,2026,sick,15,0,0
DMSDEV9105,2026,annual,30,0,0
DMSDEV9105,2026,sick,15,0,0
DMSDEV9106,2026,annual,30,0,0
DMSDEV9106,2026,sick,15,0,0
DMSDEV9107,2026,annual,30,0,0
DMSDEV9107,2026,sick,15,0,0
DMSDEV9108,2026,annual,30,0,0
DMSDEV9108,2026,sick,15,0,0
DMSDEV9109,2026,annual,30,0,0
DMSDEV9109,2026,sick,15,0,0
DMSDEV9110,2026,annual,30,0,0
DMSDEV9110,2026,sick,15,0,0
DMSDEV9111,2026,annual,30,0,0
DMSDEV9111,2026,sick,15,0,0
DMSDEV9112,2026,annual,30,0,0
DMSDEV9112,2026,sick,15,0,0
DMSDEV9113,2026,annual,30,0,0
DMSDEV9113,2026,sick,15,0,0
DMSDEV9114,2026,annual,30,0,0
DMSDEV9114,2026,sick,15,0,0
DMSDEV9115,2026,annual,30,0,0
DMSDEV9115,2026,sick,15,0,0
DMSDEV9116,2026,annual,30,0,0
DMSDEV9116,2026,sick,15,0,0
DMSDEV9117,2026,annual,30,0,0
DMSDEV9117,2026,sick,15,0,0
DMSDEV9118,2026,annual,30,0,0
DMSDEV9118,2026,sick,15,0,0
DMSDEV9119,2026,annual,30,0,0
DMSDEV9119,2026,sick,15,0,0
DMSDEV9120,2026,annual,30,0,0
DMSDEV9120,2026,sick,15,0,0
DMSDEV9121,2026,annual,30,0,0
DMSDEV9121,2026,sick,15,0,0
DMSDEV9122,2026,annual,30,0,0
DMSDEV9122,2026,sick,15,0,0
DMSDEV9123,2026,annual,30,0,0
DMSDEV9123,2026,sick,15,0,0
DMSDEV9124,2026,annual,30,0,0
DMSDEV9124,2026,sick,15,0,0
DMSDEV9125,2026,annual,30,0,0
DMSDEV9125,2026,sick,15,0,0
DMSDEV9126,2026,annual,30,0,0
DMSDEV9126,2026,sick,15,0,0
DMSDEV9127,2026,annual,30,0,0
DMSDEV9127,2026,sick,15,0,0
DMSDEV9128,2026,annual,30,0,0
DMSDEV9128,2026,sick,15,0,0
DMSDEV9129,2026,annual,30,0,0
DMSDEV9129,2026,sick,15,0,0
DMSDEV9130,2026,annual,30,0,0
DMSDEV9130,2026,sick,15,0,0
DMSDEV9131,2026,annual,30,0,0
DMSDEV9131,2026,sick,15,0,0
DMSDEV9132,2026,annual,30,0,0
DMSDEV9132,2026,sick,15,0,0
DMSDEV9133,2026,annual,30,0,0
DMSDEV9133,2026,sick,15,0,0
DMSDEV9134,2026,annual,30,0,0
DMSDEV9134,2026,sick,15,0,0
DMSDEV9135,2026,annual,30,0,0
DMSDEV9135,2026,sick,15,0,0
DMSDEV9136,2026,annual,30,0,0
DMSDEV9136,2026,sick,15,0,0
DMSDEV9137,2026,annual,30,0,0
DMSDEV9137,2026,sick,15,0,0
DMSDEV9138,2026,annual,30,0,0
DMSDEV9138,2026,sick,15,0,0
DMSDEV9139,2026,annual,30,0,0
DMSDEV9139,2026,sick,15,0,0
DMSDEV9140,2026,annual,30,0,0
DMSDEV9140,2026,sick,15,0,0
DMSDEV9141,2026,annual,30,0,0
DMSDEV9141,2026,sick,15,0,0
DMSDEV9142,2026,annual,30,0,0
DMSDEV9142,2026,sick,15,0,0
DMSDEV9143,2026,annual,30,0,0
DMSDEV9143,2026,sick,15,0,0
DMSDEV9144,2026,annual,30,0,0
DMSDEV9144,2026,sick,15,0,0
DMSDEV9145,2026,annual,30,0,0
DMSDEV9145,2026,sick,15,0,0
DMSDEV9146,2026,annual,30,0,0
DMSDEV9146,2026,sick,15,0,0
DMSDEV9147,2026,annual,30,0,0
DMSDEV9147,2026,sick,15,0,0
DMSDEV9148,2026,annual,30,0,0
DMSDEV9148,2026,sick,15,0,0
DMSDEV9149,2026,annual,30,0,0
DMSDEV9149,2026,sick,15,0,0
DMSDEV9150,2026,annual,30,0,0
DMSDEV9150,2026,sick,15,0,0
DMSDEV9151,2026,annual,30,0,0
DMSDEV9151,2026,sick,15,0,0
DMSDEV9152,2026,annual,30,0,0
DMSDEV9152,2026,sick,15,0,0
DMSDEV9153,2026,annual,30,0,0
DMSDEV9153,2026,sick,15,0,0
DMSDEV9154,2026,annual,30,0,0
DMSDEV9154,2026,sick,15,0,0
DMSDEV9155,2026,annual,30,0,0
DMSDEV9155,2026,sick,15,0,0
DMSDEV9156,2026,annual,30,0,0
DMSDEV9156,2026,sick,15,0,0
DMSDEV9157,2026,annual,30,0,0
DMSDEV9157,2026,sick,15,0,0
DMSDEV9158,2026,annual,30,0,0
DMSDEV9158,2026,sick,15,0,0
DMSDEV9159,2026,annual,30,0,0
DMSDEV9159,2026,sick,15,0,0
DMSDEV9160,2026,annual,30,0,0
DMSDEV9160,2026,sick,15,0,0
DMSDEV9161,2026,annual,30,0,0
DMSDEV9161,2026,sick,15,0,0
DMSDEV9162,2026,annual,30,0,0
DMSDEV9162,2026,sick,15,0,0
DMSDEV9163,2026,annual,30,0,0
DMSDEV9163,2026,sick,15,0,0
DMSDEV9164,2026,annual,30,0,0
DMSDEV9164,2026,sick,15,0,0
DMSDEV9165,2026,annual,30,0,0
DMSDEV9165,2026,sick,15,0,0
DMSDEV9166,2026,annual,30,0,0
DMSDEV9166,2026,sick,15,0,0
DMSDEV9167,2026,annual,30,0,0
DMSDEV9167,2026,sick,15,0,0
DMSDEV9168,2026,annual,30,0,0
DMSDEV9168,2026,sick,15,0,0
DMSDEV9169,2026,annual,30,0,0
DMSDEV9169,2026,sick,15,0,0
DMSDEV9170,2026,annual,30,0,0
DMSDEV9170,2026,sick,15,0,0
DMSDEV9171,2026,annual,30,0,0
DMSDEV9171,2026,sick,15,0,0
DMSDEV9172,2026,annual,30,0,0
DMSDEV9172,2026,sick,15,0,0
DMSDEV9173,2026,annual,30,0,0
DMSDEV9173,2026,sick,15,0,0
DMSDEV9174,2026,annual,30,0,0
DMSDEV9174,2026,sick,15,0,0
DMSDEV9175,2026,annual,30,0,0
DMSDEV9175,2026,sick,15,0,0
DMSDEV9176,2026,annual,30,0,0
DMSDEV9176,2026,sick,15,0,0
DMSDEV9177,2026,annual,30,0,0
DMSDEV9177,2026,sick,15,0,0
DMSDEV9178,2026,annual,30,0,0
DMSDEV9178,2026,sick,15,0,0
DMSDEV9179,2026,annual,30,0,0
DMSDEV9179,2026,sick,15,0,0
DMSDEV9180,2026,annual,30,0,0
DMSDEV9180,2026,sick,15,0,0
DMSDEV9181,2026,annual,30,0,0
DMSDEV9181,2026,sick,15,0,0
DMSDEV9182,2026,annual,30,0,0
DMSDEV9182,2026,sick,15,0,0
DMSDEV9183,2026,annual,30,0,0
DMSDEV9183,2026,sick,15,0,0
DMSDEV9184,2026,annual,30,0,0
DMSDEV9184,2026,sick,15,0,0
DMSDEV9185,2026,annual,30,0,0
DMSDEV9185,2026,sick,15,0,0
DMSDEV9186,2026,annual,30,0,0
DMSDEV9186,2026,sick,15,0,0
DMSDEV9187,2026,annual,30,0,0
DMSDEV9187,2026,sick,15,0,0
DMSDEV9188,2026,annual,30,0,0
DMSDEV9188,2026,sick,15,0,0
DMSDEV9189,2026,annual,30,0,0
DMSDEV9189,2026,sick,15,0,0
DMSDEV9190,2026,annual,30,0,0
DMSDEV9190,2026,sick,15,0,0
DMSDEV9191,2026,annual,30,0,0
DMSDEV9191,2026,sick,15,0,0
DMSDEV9192,2026,annual,30,0,0
DMSDEV9192,2026,sick,15,0,0
DMSDEV9193,2026,annual,30,0,0
DMSDEV9193,2026,sick,15,0,0
DMSDEV9194,2026,annual,30,0,0
DMSDEV9194,2026,sick,15,0,0
DMSDEV9195,2026,annual,30,0,0
DMSDEV9195,2026,sick,15,0,0
DMSDEV9196,2026,annual,30,0,0
DMSDEV9196,2026,sick,15,0,0
DMSDEV9197,2026,annual,30,0,0
DMSDEV9197,2026,sick,15,0,0
DMSDEV9198,2026,annual,30,0,0
DMSDEV9198,2026,sick,15,0,0
DMSDEV9199,2026,annual,30,0,0
DMSDEV9199,2026,sick,15,0,0
DMSDEV9200,2026,annual,30,0,0
DMSDEV9200,2026,sick,15,0,0
DMSDEV9201,2026,annual,30,0,0
DMSDEV9201,2026,sick,15,0,0
DMSDEV9202,2026,annual,30,0,0
DMSDEV9202,2026,sick,15,0,0
DMSDEV9203,2026,annual,30,0,0
DMSDEV9203,2026,sick,15,0,0
DMSDEV9204,2026,annual,30,0,0
DMSDEV9204,2026,sick,15,0,0
DMSDEV9205,2026,annual,30,0,0
DMSDEV9205,2026,sick,15,0,0
DMSDEV9206,2026,annual,30,0,0
DMSDEV9206,2026,sick,15,0,0
DMSDEV9207,2026,annual,30,0,0
DMSDEV9207,2026,sick,15,0,0
DMSDEV9208,2026,annual,30,0,0
DMSDEV9208,2026,sick,15,0,0
DMSDEV9209,2026,annual,30,0,0
DMSDEV9209,2026,sick,15,0,0
DMSDEV9210,2026,annual,30,0,0
DMSDEV9210,2026,sick,15,0,0
DMSDEV9211,2026,annual,30,0,0
DMSDEV9211,2026,sick,15,0,0
DMSDEV9212,2026,annual,30,0,0
DMSDEV9212,2026,sick,15,0,0
DMSDEV9213,2026,annual,30,0,0
DMSDEV9213,2026,sick,15,0,0
DMSDEV9214,2026,annual,30,0,0
DMSDEV9214,2026,sick,15,0,0
DMSDEV9215,2026,annual,30,0,0
DMSDEV9215,2026,sick,15,0,0
DMSDEV9216,2026,annual,30,0,0
DMSDEV9216,2026,sick,15,0,0
DMSDEV9217,2026,annual,30,0,0
DMSDEV9217,2026,sick,15,0,0
DMSDEV9218,2026,annual,30,0,0
DMSDEV9218,2026,sick,15,0,0
DMSDEV9219,2026,annual,30,0,0
DMSDEV9219,2026,sick,15,0,0
DMSDEV9220,2026,annual,30,0,0
DMSDEV9220,2026,sick,15,0,0
DMSDEV9221,2026,annual,30,0,0
DMSDEV9221,2026,sick,15,0,0
DMSDEV9222,2026,annual,30,0,0
DMSDEV9222,2026,sick,15,0,0
DMSDEV9223,2026,annual,30,0,0
DMSDEV9223,2026,sick,15,0,0
DMSDEV9224,2026,annual,30,0,0
DMSDEV9224,2026,sick,15,0,0
DMSDEV9225,2026,annual,30,0,0
DMSDEV9225,2026,sick,15,0,0
DMSDEV9226,2026,annual,30,0,0
DMSDEV9226,2026,sick,15,0,0
DMSDEV9227,2026,annual,30,0,0
DMSDEV9227,2026,sick,15,0,0
DMSDEV9228,2026,annual,30,0,0
DMSDEV9228,2026,sick,15,0,0
DMSDEV9229,2026,annual,30,0,0
DMSDEV9229,2026,sick,15,0,0
DMSDEV9230,2026,annual,30,0,0
DMSDEV9230,2026,sick,15,0,0
DMSDEV9231,2026,annual,30,0,0
DMSDEV9231,2026,sick,15,0,0
DMSDEV9232,2026,annual,30,0,0
DMSDEV9232,2026,sick,15,0,0
DMSDEV9233,2026,annual,30,0,0
DMSDEV9233,2026,sick,15,0,0
DMSDEV9234,2026,annual,30,0,0
DMSDEV9234,2026,sick,15,0,0
DMSDEV9235,2026,annual,30,0,0
DMSDEV9235,2026,sick,15,0,0
DMSDEV9236,2026,annual,30,0,0
DMSDEV9236,2026,sick,15,0,0
DMSDEV9237,2026,annual,30,0,0
DMSDEV9237,2026,sick,15,0,0
DMSDEV9238,2026,annual,30,0,0
DMSDEV9238,2026,sick,15,0,0
DMSDEV9239,2026,annual,30,0,0
DMSDEV9239,2026,sick,15,0,0
DMSDEV9240,2026,annual,30,0,0
DMSDEV9240,2026,sick,15,0,0
DMSDEV9241,2026,annual,30,0,0
DMSDEV9241,2026,sick,15,0,0
DMSDEV9242,2026,annual,30,0,0
DMSDEV9242,2026,sick,15,0,0
DMSDEV9243,2026,annual,30,0,0
DMSDEV9243,2026,sick,15,0,0
DMSDEV9244,2026,annual,30,0,0
DMSDEV9244,2026,sick,15,0,0
DMSDEV9245,2026,annual,30,0,0
DMSDEV9245,2026,sick,15,0,0
DMSDEV9246,2026,annual,30,0,0
DMSDEV9246,2026,sick,15,0,0
DMSDEV9247,2026,annual,30,0,0
DMSDEV9247,2026,sick,15,0,0
DMSDEV9248,2026,annual,30,0,0
DMSDEV9248,2026,sick,15,0,0
DMSDEV9249,2026,annual,30,0,0
DMSDEV9249,2026,sick,15,0,0
DMSDEV9250,2026,annual,30,0,0
DMSDEV9250,2026,sick,15,0,0
DMSDEV9251,2026,annual,30,0,0
DMSDEV9251,2026,sick,15,0,0
DMSDEV9252,2026,annual,30,0,0
DMSDEV9252,2026,sick,15,0,0
DMSDEV9253,2026,annual,30,0,0
DMSDEV9253,2026,sick,15,0,0
DMSDEV9254,2026,annual,30,0,0
DMSDEV9254,2026,sick,15,0,0
DMSDEV9255,2026,annual,30,0,0
DMSDEV9255,2026,sick,15,0,0
DMSDEV9256,2026,annual,30,0,0
DMSDEV9256,2026,sick,15,0,0
DMSDEV9257,2026,annual,30,0,0
DMSDEV9257,2026,sick,15,0,0
DMSDEV9258,2026,annual,30,0,0
DMSDEV9258,2026,sick,15,0,0
DMSDEV9259,2026,annual,30,0,0
DMSDEV9259,2026,sick,15,0,0
DMSDEV9260,2026,annual,30,0,0
DMSDEV9260,2026,sick,15,0,0
DMSDEV9261,2026,annual,30,0,0
DMSDEV9261,2026,sick,15,0,0
DMSDEV9262,2026,annual,30,0,0
DMSDEV9262,2026,sick,15,0,0
DMSDEV9263,2026,annual,30,0,0
DMSDEV9263,2026,sick,15,0,0
DMSDEV9264,2026,annual,30,0,0
DMSDEV9264,2026,sick,15,0,0
DMSDEV9265,2026,annual,30,0,0
DMSDEV9265,2026,sick,15,0,0
DMSDEV9266,2026,annual,30,0,0
DMSDEV9266,2026,sick,15,0,0
DMSDEV9267,2026,annual,30,0,0
DMSDEV9267,2026,sick,15,0,0
DMSDEV9268,2026,annual,30,0,0
DMSDEV9268,2026,sick,15,0,0
DMSDEV9269,2026,annual,30,0,0
DMSDEV9269,2026,sick,15,0,0
DMSDEV9270,2026,annual,30,0,0
DMSDEV9270,2026,sick,15,0,0
DMSDEV9271,2026,annual,30,0,0
DMSDEV9271,2026,sick,15,0,0
DMSDEV9272,2026,annual,30,0,0
DMSDEV9272,2026,sick,15,0,0
DMSDEV9273,2026,annual,30,0,0
DMSDEV9273,2026,sick,15,0,0
DMSDEV9274,2026,annual,30,0,0
DMSDEV9274,2026,sick,15,0,0
DMSDEV9275,2026,annual,30,0,0
DMSDEV9275,2026,sick,15,0,0
DMSDEV9276,2026,annual,30,0,0
DMSDEV9276,2026,sick,15,0,0
DMSDEV9277,2026,annual,30,0,0
DMSDEV9277,2026,sick,15,0,0
DMSDEV9278,2026,annual,30,0,0
DMSDEV9278,2026,sick,15,0,0
DMSDEV9279,2026,annual,30,0,0
DMSDEV9279,2026,sick,15,0,0
DMSDEV9280,2026,annual,30,0,0
DMSDEV9280,2026,sick,15,0,0
DMSDEV9281,2026,annual,30,0,0
DMSDEV9281,2026,sick,15,0,0
DMSDEV9282,2026,annual,30,0,0
DMSDEV9282,2026,sick,15,0,0
DMSDEV9283,2026,annual,30,0,0
DMSDEV9283,2026,sick,15,0,0
DMSDEV9284,2026,annual,30,0,0
DMSDEV9284,2026,sick,15,0,0
DMSDEV9285,2026,annual,30,0,0
DMSDEV9285,2026,sick,15,0,0
DMSDEV9286,2026,annual,30,0,0
DMSDEV9286,2026,sick,15,0,0
DMSDEV9287,2026,annual,30,0,0
DMSDEV9287,2026,sick,15,0,0
DMSDEV9288,2026,annual,30,0,0
DMSDEV9288,2026,sick,15,0,0
DMSDEV9289,2026,annual,30,0,0
DMSDEV9289,2026,sick,15,0,0
DMSDEV9290,2026,annual,30,0,0
DMSDEV9290,2026,sick,15,0,0
DMSDEV9291,2026,annual,30,0,0
DMSDEV9291,2026,sick,15,0,0
DMSDEV9292,2026,annual,30,0,0
DMSDEV9292,2026,sick,15,0,0
DMSDEV9293,2026,annual,30,0,0
DMSDEV9293,2026,sick,15,0,0
DMSDEV9294,2026,annual,30,0,0
DMSDEV9294,2026,sick,15,0,0
DMSDEV9295,2026,annual,30,0,0
DMSDEV9295,2026,sick,15,0,0
DMSDEV9296,2026,annual,30,0,0
DMSDEV9296,2026,sick,15,0,0
DMSDEV9297,2026,annual,30,0,0
DMSDEV9297,2026,sick,15,0,0
DMSDEV9298,2026,annual,30,0,0
DMSDEV9298,2026,sick,15,0,0
DMSDEV9299,2026,annual,30,0,0
DMSDEV9299,2026,sick,15,0,0
DMSDEV9300,2026,annual,30,0,0
DMSDEV9300,2026,sick,15,0,0
