employee_no,leave_type,start_date,end_date,days,status
DMSDEV9101,sick,2026-01-06,2026-01-07,2,approved
DMSDEV9102,annual,2026-01-09,2026-01-10,2,approved
DMSDEV9103,annual,2026-01-12,2026-01-13,2,approved
DMSDEV9104,sick,2026-01-15,2026-01-16,2,approved
DMSDEV9105,annual,2026-01-18,2026-01-19,2,approved
DMSDEV9106,annual,2026-01-21,2026-01-22,2,approved
DMSDEV9107,sick,2026-01-24,2026-01-25,2,approved
DMSDEV9108,annual,2026-01-27,2026-01-28,2,approved
DMSDEV9109,annual,2026-01-30,2026-01-31,2,approved
DMSDEV9110,sick,2026-02-02,2026-02-03,2,approved
DMSDEV9111,annual,2026-02-05,2026-02-06,2,approved
DMSDEV9112,annual,2026-02-08,2026-02-09,2,approved
DMSDEV9113,sick,2026-02-11,2026-02-12,2,approved
DMSDEV9114,annual,2026-02-14,2026-02-15,2,approved
DMSDEV9115,annual,2026-02-17,2026-02-18,2,approved
DMSDEV9116,sick,2026-02-20,2026-02-21,2,approved
DMSDEV9117,annual,2026-02-23,2026-02-24,2,approved
DMSDEV9118,annual,2026-02-26,2026-02-27,2,approved
DMSDEV9119,sick,2026-03-01,2026-03-02,2,approved
DMSDEV9120,annual,2026-03-04,2026-03-05,2,approved
DMSDEV9121,annual,2026-03-07,2026-03-08,2,approved
DMSDEV9122,sick,2026-03-10,2026-03-11,2,approved
DMSDEV9123,annual,2026-03-13,2026-03-14,2,approved
DMSDEV9124,annual,2026-03-16,2026-03-17,2,approved
DMSDEV9125,sick,2026-03-19,2026-03-20,2,approved
DMSDEV9126,annual,2026-03-22,2026-03-23,2,approved
DMSDEV9127,annual,2026-03-25,2026-03-26,2,approved
DMSDEV9128,sick,2026-03-28,2026-03-29,2,approved
DMSDEV9129,annual,2026-03-31,2026-04-01,2,approved
DMSDEV9130,annual,2026-04-03,2026-04-04,2,approved
DMSDEV9131,sick,2026-04-06,2026-04-07,2,approved
DMSDEV9132,annual,2026-04-09,2026-04-10,2,approved
DMSDEV9133,annual,2026-04-12,2026-04-13,2,approved
DMSDEV9134,sick,2026-04-15,2026-04-16,2,approved
DMSDEV9135,annual,2026-04-18,2026-04-19,2,approved
DMSDEV9136,annual,2026-04-21,2026-04-22,2,approved
DMSDEV9137,sick,2026-04-24,2026-04-25,2,approved
DMSDEV9138,annual,2026-04-27,2026-04-28,2,approved
DMSDEV9139,annual,2026-04-30,2026-05-01,2,approved
DMSDEV9140,sick,2026-05-03,2026-05-04,2,approved
DMSDEV9141,annual,2026-05-06,2026-05-07,2,approved
DMSDEV9142,annual,2026-05-09,2026-05-10,2,approved
DMSDEV9143,sick,2026-05-12,2026-05-13,2,approved
DMSDEV9144,annual,2026-05-15,2026-05-16,2,approved
DMSDEV9145,annual,2026-05-18,2026-05-19,2,approved
DMSDEV9146,sick,2026-05-21,2026-05-22,2,approved
DMSDEV9147,annual,2026-05-24,2026-05-25,2,approved
DMSDEV9148,annual,2026-05-27,2026-05-28,2,approved
DMSDEV9149,sick,2026-05-30,2026-05-31,2,approved
DMSDEV9150,annual,2026-06-02,2026-06-03,2,approved
DMSDEV9151,annual,2026-06-05,2026-06-06,2,approved
DMSDEV9152,sick,2026-06-08,2026-06-09,2,approved
DMSDEV9153,annual,2026-06-11,2026-06-12,2,approved
DMSDEV9154,annual,2026-06-14,2026-06-15,2,approved
DMSDEV9155,sick,2026-06-17,2026-06-18,2,approved
DMSDEV9156,annual,2026-06-20,2026-06-21,2,approved
DMSDEV9157,annual,2026-06-23,2026-06-24,2,approved
DMSDEV9158,sick,2026-06-26,2026-06-27,2,approved
DMSDEV9159,annual,2026-06-29,2026-06-30,2,approved
DMSDEV9160,annual,2026-07-02,2026-07-03,2,approved
DMSDEV9161,sick,2026-07-05,2026-07-06,2,approved
DMSDEV9162,annual,2026-07-08,2026-07-09,2,approved
DMSDEV9163,annual,2026-07-11,2026-07-12,2,approved
DMSDEV9164,sick,2026-07-14,2026-07-15,2,approved
DMSDEV9165,annual,2026-07-17,2026-07-18,2,approved
DMSDEV9166,annual,2026-07-20,2026-07-21,2,approved
DMSDEV9167,sick,2026-07-23,2026-07-24,2,approved
DMSDEV9168,annual,2026-01-07,2026-01-08,2,approved
DMSDEV9169,annual,2026-01-10,2026-01-11,2,approved
DMSDEV9170,sick,2026-01-13,2026-01-14,2,approved
DMSDEV9171,annual,2026-01-16,2026-01-17,2,approved
DMSDEV9172,annual,2026-01-19,2026-01-20,2,approved
DMSDEV9173,sick,2026-01-22,2026-01-23,2,approved
DMSDEV9174,annual,2026-01-25,2026-01-26,2,approved
DMSDEV9175,annual,2026-01-28,2026-01-29,2,approved
DMSDEV9176,sick,2026-01-31,2026-02-01,2,approved
DMSDEV9177,annual,2026-02-03,2026-02-04,2,approved
DMSDEV9178,annual,2026-02-06,2026-02-07,2,approved
DMSDEV9179,sick,2026-02-09,2026-02-10,2,approved
DMSDEV9180,annual,2026-02-12,2026-02-13,2,approved
DMSDEV9181,annual,2026-02-15,2026-02-16,2,approved
DMSDEV9182,sick,2026-02-18,2026-02-19,2,approved
DMSDEV9183,annual,2026-02-21,2026-02-22,2,approved
DMSDEV9184,annual,2026-02-24,2026-02-25,2,approved
DMSDEV9185,sick,2026-02-27,2026-02-28,2,approved
DMSDEV9186,annual,2026-03-02,2026-03-03,2,approved
DMSDEV9187,annual,2026-03-05,2026-03-06,2,approved
DMSDEV9188,sick,2026-03-08,2026-03-09,2,approved
DMSDEV9189,annual,2026-03-11,2026-03-12,2,approved
DMSDEV9190,annual,2026-03-14,2026-03-15,2,approved
DMSDEV9191,sick,2026-03-17,2026-03-18,2,approved
DMSDEV9192,annual,2026-03-20,2026-03-21,2,approved
DMSDEV9193,annual,2026-03-23,2026-03-24,2,approved
DMSDEV9194,sick,2026-03-26,2026-03-27,2,approved
DMSDEV9195,annual,2026-03-29,2026-03-30,2,approved
DMSDEV9196,annual,2026-04-01,2026-04-02,2,approved
DMSDEV9197,sick,2026-04-04,2026-04-05,2,approved
DMSDEV9198,annual,2026-04-07,2026-04-08,2,approved
DMSDEV9199,annual,2026-04-10,2026-04-11,2,approved
DMSDEV9200,sick,2026-04-13,2026-04-14,2,approved
DMSDEV9201,annual,2026-04-16,2026-04-17,2,approved
DMSDEV9202,annual,2026-04-19,2026-04-20,2,approved
DMSDEV9203,sick,2026-04-22,2026-04-23,2,approved
DMSDEV9204,annual,2026-04-25,2026-04-26,2,approved
DMSDEV9205,annual,2026-04-28,2026-04-29,2,approved
DMSDEV9206,sick,2026-05-01,2026-05-02,2,approved
DMSDEV9207,annual,2026-05-04,2026-05-05,2,approved
DMSDEV9208,annual,2026-05-07,2026-05-08,2,approved
DMSDEV9209,sick,2026-05-10,2026-05-11,2,approved
DMSDEV9210,annual,2026-05-13,2026-05-14,2,approved
DMSDEV9211,annual,2026-05-16,2026-05-17,2,approved
DMSDEV9212,sick,2026-05-19,2026-05-20,2,approved
DMSDEV9213,annual,2026-05-22,2026-05-23,2,approved
DMSDEV9214,annual,2026-05-25,2026-05-26,2,approved
DMSDEV9215,sick,2026-05-28,2026-05-29,2,approved
DMSDEV9216,annual,2026-05-31,2026-06-01,2,approved
DMSDEV9217,annual,2026-06-03,2026-06-04,2,approved
DMSDEV9218,sick,2026-06-06,2026-06-07,2,approved
DMSDEV9219,annual,2026-06-09,2026-06-10,2,approved
DMSDEV9220,annual,2026-06-12,2026-06-13,2,approved
