employee_no,full_name,name_en_given,name_en_family,civil_id,org_unit,position,join_date,basic_salary,kuwaitization,nationality,gender,employment_type,rotation,manager_employee_no,is_active
DMSDEV9101,,Sample001,DMS,2991000000,,Operator,1/1/2024,0,yes,KWT,male,full-time,office,DMSDEV9001,yes
DMSDEV9102,Sample002 DMS,Sample002,DMS,2991000001,QAPAY,Technician,1/2/2024,210,no,IND,female,contract,1-Feb,DMSDEV9001,yes
DMSDEV9103,Sample003 DMS,Sample003,DMS,2991000002,administration-cleaner,Supervisor,1/3/2024,220,no,EGY,male,contractor,1-May,DMSDEV9001,yes
DMSDEV9104,Sample004 DMS,Sample004,DMS,2991000003,administration-receptionist,Engineer,1/4/2024,230,no,BGD,female,full-time,1-Jan,DMSDEV9001,yes
DMSDEV9105,Sample005 DMS,Sample005,DMS,2991000004,business-development,Coordinator,1/5/2024,240,no,LKA,male,full-time,1-Mar,DMSDEV9001,yes
DMSDEV9106,Sample006 DMS,Sample006,DMS,2991000005,ceo-office,Operator,1/6/2024,250,no,NPL,female,contract,office,DMSDEV9001,yes
DMSDEV9107,Sample007 DMS,Sample007,DMS,2991000006,coiled-tubing,Technician,1/7/2024,260,no,JOR,male,contractor,1-Feb,DMSDEV9001,yes
DMSDEV9108,Sample008 DMS,Sample008,DMS,2991000007,coiled-tubing-kiri,Supervisor,1/8/2024,270,no,GBR,female,full-time,1-May,DMSDEV9001,yes
DMSDEV9109,Sample009 DMS,Sample009,DMS,2991000008,drilling,Engineer,1/9/2024,280,yes,KWT,male,full-time,1-Jan,DMSDEV9001,yes
DMSDEV9110,Sample010 DMS,Sample010,DMS,2991000009,drilling-rig-61,Coordinator,1/10/2024,290,no,IND,female,contract,1-Mar,DMSDEV9001,yes
DMSDEV9111,Sample011 DMS,Sample011,DMS,2991000010,finance-department,Operator,1/11/2024,300,no,EGY,male,contractor,office,DMSDEV9001,yes
DMSDEV9112,Sample012 DMS,Sample012,DMS,2991000011,fleet-transportation,Technician,1/12/2024,310,no,BGD,female,full-time,1-Feb,DMSDEV9001,yes
DMSDEV9113,Sample013 DMS,Sample013,DMS,2991000012,gate-pass-department,Supervisor,1/13/2024,320,no,LKA,male,full-time,1-May,DMSDEV9001,yes
DMSDEV9114,Sample014 DMS,Sample014,DMS,2991000013,government-relations-gro,Engineer,1/14/2024,330,no,NPL,female,contract,1-Jan,DMSDEV9001,yes
DMSDEV9115,Sample015 DMS,Sample015,DMS,2991000014,health-safety-environment,Coordinator,1/15/2024,340,no,JOR,male,contractor,1-Mar,DMSDEV9001,yes
DMSDEV9116,Sample016 DMS,Sample016,DMS,2991000015,human-resources-department,Operator,1/16/2024,350,no,GBR,female,full-time,office,DMSDEV9001,yes
DMSDEV9117,Sample017 DMS,Sample017,DMS,2991000016,it,Technician,1/17/2024,360,yes,KWT,male,full-time,1-Feb,DMSDEV9001,yes
DMSDEV9118,Sample018 DMS,Sample018,DMS,2991000017,khafjiwhm,Supervisor,1/18/2024,370,no,IND,female,contract,1-May,DMSDEV9001,yes
DMSDEV9119,Sample019 DMS,Sample019,DMS,2991000018,kjo,Engineer,1/19/2024,380,no,EGY,male,contractor,1-Jan,DMSDEV9001,yes
DMSDEV9120,Sample020 DMS,Sample020,DMS,2991000019,maintenance-department,Coordinator,1/20/2024,390,no,BGD,female,full-time,1-Mar,DMSDEV9001,yes
DMSDEV9121,Sample021 DMS,Sample021,DMS,2991000020,procurement-logistics,Operator,1/21/2024,400,no,LKA,male,full-time,office,DMSDEV9001,yes
DMSDEV9122,Sample022 DMS,Sample022,DMS,2991000021,progressive-cavity-pump-pcp,Technician,1/22/2024,410,no,NPL,female,contract,1-Feb,DMSDEV9001,yes
DMSDEV9123,Sample023 DMS,Sample023,DMS,2991000022,residency,Supervisor,1/23/2024,420,no,JOR,male,contractor,1-May,DMSDEV9001,yes
DMSDEV9124,Sample024 DMS,Sample024,DMS,2991000023,sales-marketing,Engineer,1/24/2024,430,no,GBR,female,full-time,1-Jan,DMSDEV9001,yes
DMSDEV9125,Sample025 DMS,Sample025,DMS,2991000024,security,Coordinator,1/25/2024,440,yes,KWT,male,full-time,1-Mar,DMSDEV9001,yes
DMSDEV9126,Sample026 DMS,Sample026,DMS,2991000025,slickline,Operator,1/26/2024,450,no,IND,female,contract,office,DMSDEV9001,yes
DMSDEV9127,Sample027 DMS,Sample027,DMS,2991000026,store,Technician,1/27/2024,460,no,EGY,male,contractor,1-Feb,DMSDEV9001,yes
DMSDEV9128,Sample028 DMS,Sample028,DMS,2991000027,sulphur-transport,Supervisor,1/28/2024,470,no,BGD,female,full-time,1-May,DMSDEV9001,yes
DMSDEV9129,Sample029 DMS,Sample029,DMS,2991000028,surface-well-testing,Engineer,1/29/2024,480,no,LKA,male,full-time,1-Jan,DMSDEV9001,yes
DMSDEV9130,Sample030 DMS,Sample030,DMS,2991000029,surface-well-testing-international,Coordinator,1/30/2024,490,no,NPL,female,contract,1-Mar,DMSDEV9001,yes
DMSDEV9131,Sample031 DMS,Sample031,DMS,2991000030,surface-well-testing-international,Operator,1/31/2024,500,no,JOR,male,contractor,office,DMSDEV9130,yes
DMSDEV9132,Sample032 DMS,Sample032,DMS,2991000031,third-party-crane-operator,Technician,2/1/2024,510,no,GBR,female,full-time,1-Feb,DMSDEV9001,yes
DMSDEV9133,Sample033 DMS,Sample033,DMS,2991000032,wire-line,Supervisor,2/2/2024,520,yes,KWT,male,full-time,1-May,DMSDEV9001,yes
DMSDEV9134,Sample034 DMS,Sample034,DMS,2991000033,wireline-logging-operation,Engineer,2/3/2024,530,no,IND,female,contract,1-Jan,DMSDEV9001,yes
DMSDEV9135,Sample035 DMS,Sample035,DMS,2991000034,GOFSCO,Coordinator,2/4/2024,540,no,EGY,male,contractor,1-Mar,DMSDEV9101,yes
DMSDEV9136,Sample036 DMS,Sample036,DMS,2991000035,QAPAY,Operator,2/5/2024,550,no,BGD,female,full-time,office,DMSDEV9102,yes
DMSDEV9137,Sample037 DMS,Sample037,DMS,2991000036,administration-cleaner,Technician,2/6/2024,560,no,LKA,male,full-time,1-Feb,DMSDEV9103,yes
DMSDEV9138,Sample038 DMS,Sample038,DMS,2991000037,administration-receptionist,Supervisor,2/7/2024,570,no,NPL,female,contract,1-May,DMSDEV9104,yes
DMSDEV9139,Sample039 DMS,Sample039,DMS,2991000038,business-development,Engineer,2/8/2024,580,no,JOR,male,contractor,1-Jan,DMSDEV9105,yes
DMSDEV9140,Sample040 DMS,Sample040,DMS,2991000039,ceo-office,Coordinator,2/9/2024,590,no,GBR,female,full-time,1-Mar,DMSDEV9106,yes
DMSDEV9141,Sample041 DMS,Sample041,DMS,2991000040,coiled-tubing,Operator,2/10/2024,600,yes,KWT,male,full-time,office,DMSDEV9107,yes
DMSDEV9142,Sample042 DMS,Sample042,DMS,2991000041,coiled-tubing-kiri,Technician,2/11/2024,610,no,IND,female,contract,1-Feb,DMSDEV9108,yes
DMSDEV9143,Sample043 DMS,Sample043,DMS,2991000042,drilling,Supervisor,2/12/2024,620,no,EGY,male,contractor,1-May,DMSDEV9109,yes
DMSDEV9144,Sample044 DMS,Sample044,DMS,2991000043,drilling-rig-61,Engineer,2/13/2024,630,no,BGD,female,full-time,1-Jan,DMSDEV9110,yes
DMSDEV9145,Sample045 DMS,Sample045,DMS,2991000044,finance-department,Coordinator,2/14/2024,640,no,LKA,male,full-time,1-Mar,DMSDEV9111,yes
DMSDEV9146,Sample046 DMS,Sample046,DMS,2991000045,fleet-transportation,Operator,2/15/2024,650,no,NPL,female,contract,office,DMSDEV9112,yes
DMSDEV9147,Sample047 DMS,Sample047,DMS,2991000046,gate-pass-department,Technician,2/16/2024,660,no,JOR,male,contractor,1-Feb,DMSDEV9113,yes
DMSDEV9148,Sample048 DMS,Sample048,DMS,2991000047,government-relations-gro,Supervisor,2/17/2024,670,no,GBR,female,full-time,1-May,DMSDEV9114,yes
DMSDEV9149,Sample049 DMS,Sample049,DMS,2991000048,health-safety-environment,Engineer,2/18/2024,680,yes,KWT,male,full-time,1-Jan,DMSDEV9115,yes
DMSDEV9150,Sample050 DMS,Sample050,DMS,2991000049,human-resources-department,Coordinator,2/19/2024,690,no,IND,female,contract,1-Mar,DMSDEV9116,yes
DMSDEV9151,Sample051 DMS,Sample051,DMS,2991000050,it,Operator,2/20/2024,200,no,EGY,male,contractor,office,DMSDEV9117,yes
DMSDEV9152,Sample052 DMS,Sample052,DMS,2991000051,khafjiwhm,Technician,2/21/2024,210,no,BGD,female,full-time,1-Feb,DMSDEV9118,yes
DMSDEV9153,Sample053 DMS,Sample053,DMS,2991000052,kjo,Supervisor,2/22/2024,220,no,LKA,male,full-time,1-May,DMSDEV9119,yes
DMSDEV9154,Sample054 DMS,Sample054,DMS,2991000053,maintenance-department,Engineer,2/23/2024,230,no,NPL,female,contract,1-Jan,DMSDEV9120,yes
DMSDEV9155,Sample055 DMS,Sample055,DMS,2991000054,procurement-logistics,Coordinator,2/24/2024,240,no,JOR,male,contractor,1-Mar,DMSDEV9121,yes
DMSDEV9156,Sample056 DMS,Sample056,DMS,2991000055,progressive-cavity-pump-pcp,Operator,2/25/2024,250,no,GBR,female,full-time,office,DMSDEV9122,yes
DMSDEV9157,Sample057 DMS,Sample057,DMS,2991000056,residency,Technician,2/26/2024,260,yes,KWT,male,full-time,1-Feb,DMSDEV9123,yes
DMSDEV9158,Sample058 DMS,Sample058,DMS,2991000057,sales-marketing,Supervisor,2/27/2024,270,no,IND,female,contract,1-May,DMSDEV9124,yes
DMSDEV9159,Sample059 DMS,Sample059,DMS,2991000058,security,Engineer,2/28/2024,280,no,EGY,male,contractor,1-Jan,DMSDEV9125,yes
DMSDEV9160,Sample060 DMS,Sample060,DMS,2991000059,slickline,Coordinator,2/29/2024,290,no,BGD,female,full-time,1-Mar,DMSDEV9126,yes
DMSDEV9161,Sample061 DMS,Sample061,DMS,2991000060,store,Operator,3/1/2024,300,no,LKA,male,full-time,office,DMSDEV9127,yes
DMSDEV9162,Sample062 DMS,Sample062,DMS,2991000061,sulphur-transport,Technician,3/2/2024,310,no,NPL,female,contract,1-Feb,DMSDEV9128,yes
DMSDEV9163,Sample063 DMS,Sample063,DMS,2991000062,surface-well-testing,Supervisor,3/3/2024,320,no,JOR,male,contractor,1-May,DMSDEV9129,yes
DMSDEV9164,Sample064 DMS,Sample064,DMS,2991000063,surface-well-testing-international,Engineer,3/4/2024,330,no,GBR,female,full-time,1-Jan,DMSDEV9130,yes
DMSDEV9165,Sample065 DMS,Sample065,DMS,2991000064,surface-well-testing-international,Coordinator,3/5/2024,340,yes,KWT,male,full-time,1-Mar,DMSDEV9130,yes
DMSDEV9166,Sample066 DMS,Sample066,DMS,2991000065,third-party-crane-operator,Operator,3/6/2024,350,no,IND,female,contract,office,DMSDEV9132,yes
DMSDEV9167,Sample067 DMS,Sample067,DMS,2991000066,wire-line,Technician,3/7/2024,360,no,EGY,male,contractor,1-Feb,DMSDEV9133,yes
DMSDEV9168,Sample068 DMS,Sample068,DMS,2991000067,wireline-logging-operation,Supervisor,3/8/2024,370,no,BGD,female,full-time,1-May,DMSDEV9134,yes
DMSDEV9169,Sample069 DMS,Sample069,DMS,2991000068,GOFSCO,Engineer,3/9/2024,380,no,LKA,male,full-time,1-Jan,DMSDEV9101,yes
DMSDEV9170,Sample070 DMS,Sample070,DMS,2991000069,QAPAY,Coordinator,3/10/2024,390,no,NPL,female,contract,1-Mar,DMSDEV9102,yes
DMSDEV9171,Sample071 DMS,Sample071,DMS,2991000070,administration-cleaner,Operator,3/11/2024,400,no,JOR,male,contractor,office,DMSDEV9103,yes
DMSDEV9172,Sample072 DMS,Sample072,DMS,2991000071,administration-receptionist,Technician,3/12/2024,410,no,GBR,female,full-time,1-Feb,DMSDEV9104,yes
DMSDEV9173,Sample073 DMS,Sample073,DMS,2991000072,business-development,Supervisor,3/13/2024,420,yes,KWT,male,full-time,1-May,DMSDEV9105,yes
DMSDEV9174,Sample074 DMS,Sample074,DMS,2991000073,ceo-office,Engineer,3/14/2024,430,no,IND,female,contract,1-Jan,DMSDEV9106,yes
DMSDEV9175,Sample075 DMS,Sample075,DMS,2991000074,coiled-tubing,Coordinator,3/15/2024,440,no,EGY,male,contractor,1-Mar,DMSDEV9107,yes
DMSDEV9176,Sample076 DMS,Sample076,DMS,2991000075,coiled-tubing-kiri,Operator,3/16/2024,450,no,BGD,female,full-time,office,DMSDEV9108,yes
DMSDEV9177,Sample077 DMS,Sample077,DMS,2991000076,drilling,Technician,3/17/2024,460,no,LKA,male,full-time,1-Feb,DMSDEV9109,yes
DMSDEV9178,Sample078 DMS,Sample078,DMS,2991000077,drilling-rig-61,Supervisor,3/18/2024,470,no,NPL,female,contract,1-May,DMSDEV9110,yes
DMSDEV9179,Sample079 DMS,Sample079,DMS,2991000078,finance-department,Engineer,3/19/2024,480,no,JOR,male,contractor,1-Jan,DMSDEV9111,yes
DMSDEV9180,Sample080 DMS,Sample080,DMS,2991000079,fleet-transportation,Coordinator,3/20/2024,490,no,GBR,female,full-time,1-Mar,DMSDEV9112,yes
DMSDEV9181,Sample081 DMS,Sample081,DMS,2991000080,gate-pass-department,Operator,3/21/2024,500,yes,KWT,male,full-time,office,DMSDEV9113,yes
DMSDEV9182,Sample082 DMS,Sample082,DMS,2991000081,government-relations-gro,Technician,3/22/2024,510,no,IND,female,contract,1-Feb,DMSDEV9114,yes
DMSDEV9183,Sample083 DMS,Sample083,DMS,2991000082,health-safety-environment,Supervisor,3/23/2024,520,no,EGY,male,contractor,1-May,DMSDEV9115,yes
DMSDEV9184,Sample084 DMS,Sample084,DMS,2991000083,human-resources-department,Engineer,3/24/2024,530,no,BGD,female,full-time,1-Jan,DMSDEV9116,yes
DMSDEV9185,Sample085 DMS,Sample085,DMS,2991000084,it,Coordinator,3/25/2024,540,no,LKA,male,full-time,1-Mar,DMSDEV9117,yes
DMSDEV9186,Sample086 DMS,Sample086,DMS,2991000085,khafjiwhm,Operator,3/26/2024,550,no,NPL,female,contract,office,DMSDEV9118,yes
DMSDEV9187,Sample087 DMS,Sample087,DMS,2991000086,kjo,Technician,3/27/2024,560,no,JOR,male,contractor,1-Feb,DMSDEV9119,yes
DMSDEV9188,Sample088 DMS,Sample088,DMS,2991000087,maintenance-department,Supervisor,3/28/2024,570,no,GBR,female,full-time,1-May,DMSDEV9120,yes
DMSDEV9189,Sample089 DMS,Sample089,DMS,2991000088,procurement-logistics,Engineer,3/29/2024,580,yes,KWT,male,full-time,1-Jan,DMSDEV9121,yes
DMSDEV9190,Sample090 DMS,Sample090,DMS,2991000089,progressive-cavity-pump-pcp,Coordinator,3/30/2024,590,no,IND,female,contract,1-Mar,DMSDEV9122,yes
DMSDEV9191,Sample091 DMS,Sample091,DMS,2991000090,residency,Operator,3/31/2024,600,no,EGY,male,contractor,office,DMSDEV9123,yes
DMSDEV9192,Sample092 DMS,Sample092,DMS,2991000091,sales-marketing,Technician,4/1/2024,610,no,BGD,female,full-time,1-Feb,DMSDEV9124,yes
DMSDEV9193,Sample093 DMS,Sample093,DMS,2991000092,security,Supervisor,4/2/2024,620,no,LKA,male,full-time,1-May,DMSDEV9125,yes
DMSDEV9194,Sample094 DMS,Sample094,DMS,2991000093,slickline,Engineer,4/3/2024,630,no,NPL,female,contract,1-Jan,DMSDEV9126,yes
DMSDEV9195,Sample095 DMS,Sample095,DMS,2991000094,store,Coordinator,4/4/2024,640,no,JOR,male,contractor,1-Mar,DMSDEV9127,yes
DMSDEV9196,Sample096 DMS,Sample096,DMS,2991000095,sulphur-transport,Operator,4/5/2024,650,no,GBR,female,full-time,office,DMSDEV9128,yes
DMSDEV9197,Sample097 DMS,Sample097,DMS,2991000096,surface-well-testing,Technician,4/6/2024,660,yes,KWT,male,full-time,1-Feb,DMSDEV9129,yes
DMSDEV9198,Sample098 DMS,Sample098,DMS,2991000097,surface-well-testing-international,Supervisor,4/7/2024,670,no,IND,female,contract,1-May,DMSDEV9130,yes
DMSDEV9199,Sample099 DMS,Sample099,DMS,2991000098,surface-well-testing-international,Engineer,4/8/2024,680,no,EGY,male,contractor,1-Jan,DMSDEV9130,yes
DMSDEV9200,Sample100 DMS,Sample100,DMS,2991000099,third-party-crane-operator,Coordinator,4/9/2024,690,no,BGD,female,full-time,1-Mar,DMSDEV9132,yes
DMSDEV9201,Sample101 DMS,Sample101,DMS,2991000100,wire-line,Operator,4/10/2024,200,no,LKA,male,full-time,office,DMSDEV9133,yes
DMSDEV9202,Sample102 DMS,Sample102,DMS,2991000101,wireline-logging-operation,Technician,4/11/2024,210,no,NPL,female,contract,1-Feb,DMSDEV9134,yes
DMSDEV9203,Sample103 DMS,Sample103,DMS,2991000102,GOFSCO,Supervisor,4/12/2024,220,no,JOR,male,contractor,1-May,DMSDEV9101,yes
DMSDEV9204,Sample104 DMS,Sample104,DMS,2991000103,QAPAY,Engineer,4/13/2024,230,no,GBR,female,full-time,1-Jan,DMSDEV9102,yes
DMSDEV9205,Sample105 DMS,Sample105,DMS,2991000104,administration-cleaner,Coordinator,4/14/2024,240,yes,KWT,male,full-time,1-Mar,DMSDEV9103,yes
DMSDEV9206,Sample106 DMS,Sample106,DMS,2991000105,administration-receptionist,Operator,4/15/2024,250,no,IND,female,contract,office,DMSDEV9104,yes
DMSDEV9207,Sample107 DMS,Sample107,DMS,2991000106,business-development,Technician,4/16/2024,260,no,EGY,male,contractor,1-Feb,DMSDEV9105,yes
DMSDEV9208,Sample108 DMS,Sample108,DMS,2991000107,ceo-office,Supervisor,4/17/2024,270,no,BGD,female,full-time,1-May,DMSDEV9106,yes
DMSDEV9209,Sample109 DMS,Sample109,DMS,2991000108,coiled-tubing,Engineer,4/18/2024,280,no,LKA,male,full-time,1-Jan,DMSDEV9107,yes
DMSDEV9210,Sample110 DMS,Sample110,DMS,2991000109,coiled-tubing-kiri,Coordinator,4/19/2024,290,no,NPL,female,contract,1-Mar,DMSDEV9108,yes
DMSDEV9211,Sample111 DMS,Sample111,DMS,2991000110,drilling,Operator,4/20/2024,300,no,JOR,male,contractor,office,DMSDEV9109,yes
DMSDEV9212,Sample112 DMS,Sample112,DMS,2991000111,drilling-rig-61,Technician,4/21/2024,310,no,GBR,female,full-time,1-Feb,DMSDEV9110,yes
DMSDEV9213,Sample113 DMS,Sample113,DMS,2991000112,finance-department,Supervisor,4/22/2024,320,yes,KWT,male,full-time,1-May,DMSDEV9111,yes
DMSDEV9214,Sample114 DMS,Sample114,DMS,2991000113,fleet-transportation,Engineer,4/23/2024,330,no,IND,female,contract,1-Jan,DMSDEV9112,yes
DMSDEV9215,Sample115 DMS,Sample115,DMS,2991000114,gate-pass-department,Coordinator,4/24/2024,340,no,EGY,male,contractor,1-Mar,DMSDEV9113,yes
DMSDEV9216,Sample116 DMS,Sample116,DMS,2991000115,government-relations-gro,Operator,4/25/2024,350,no,BGD,female,full-time,office,DMSDEV9114,yes
DMSDEV9217,Sample117 DMS,Sample117,DMS,2991000116,health-safety-environment,Technician,4/26/2024,360,no,LKA,male,full-time,1-Feb,DMSDEV9115,yes
DMSDEV9218,Sample118 DMS,Sample118,DMS,2991000117,human-resources-department,Supervisor,4/27/2024,370,no,NPL,female,contract,1-May,DMSDEV9116,yes
DMSDEV9219,Sample119 DMS,Sample119,DMS,2991000118,it,Engineer,4/28/2024,380,no,JOR,male,contractor,1-Jan,DMSDEV9117,yes
DMSDEV9220,Sample120 DMS,Sample120,DMS,2991000119,khafjiwhm,Coordinator,4/29/2024,390,no,GBR,female,full-time,1-Mar,DMSDEV9118,yes
DMSDEV9221,Sample121 DMS,Sample121,DMS,2991000120,kjo,Operator,4/30/2024,400,yes,KWT,male,full-time,office,DMSDEV9119,yes
DMSDEV9222,Sample122 DMS,Sample122,DMS,2991000121,maintenance-department,Technician,5/1/2024,410,no,IND,female,contract,1-Feb,DMSDEV9120,yes
DMSDEV9223,Sample123 DMS,Sample123,DMS,2991000122,procurement-logistics,Supervisor,5/2/2024,420,no,EGY,male,contractor,1-May,DMSDEV9121,yes
DMSDEV9224,Sample124 DMS,Sample124,DMS,2991000123,progressive-cavity-pump-pcp,Engineer,5/3/2024,430,no,BGD,female,full-time,1-Jan,DMSDEV9122,yes
DMSDEV9225,Sample125 DMS,Sample125,DMS,2991000124,residency,Coordinator,5/4/2024,440,no,LKA,male,full-time,1-Mar,DMSDEV9123,yes
DMSDEV9226,Sample126 DMS,Sample126,DMS,2991000125,sales-marketing,Operator,5/5/2024,450,no,NPL,female,contract,office,DMSDEV9124,yes
DMSDEV9227,Sample127 DMS,Sample127,DMS,2991000126,security,Technician,5/6/2024,460,no,JOR,male,contractor,1-Feb,DMSDEV9125,yes
DMSDEV9228,Sample128 DMS,Sample128,DMS,2991000127,slickline,Supervisor,5/7/2024,470,no,GBR,female,full-time,1-May,DMSDEV9126,yes
DMSDEV9229,Sample129 DMS,Sample129,DMS,2991000128,store,Engineer,5/8/2024,480,yes,KWT,male,full-time,1-Jan,DMSDEV9127,yes
DMSDEV9230,Sample130 DMS,Sample130,DMS,2991000129,sulphur-transport,Coordinator,5/9/2024,490,no,IND,female,contract,1-Mar,DMSDEV9128,yes
DMSDEV9231,Sample131 DMS,Sample131,DMS,2991000130,surface-well-testing,Operator,5/10/2024,500,no,EGY,male,contractor,office,DMSDEV9129,yes
DMSDEV9232,Sample132 DMS,Sample132,DMS,2991000131,surface-well-testing-international,Technician,5/11/2024,510,no,BGD,female,full-time,1-Feb,DMSDEV9130,yes
DMSDEV9233,Sample133 DMS,Sample133,DMS,2991000132,surface-well-testing-international,Supervisor,5/12/2024,520,no,LKA,male,full-time,1-May,DMSDEV9130,yes
DMSDEV9234,Sample134 DMS,Sample134,DMS,2991000133,third-party-crane-operator,Engineer,5/13/2024,530,no,NPL,female,contract,1-Jan,DMSDEV9132,yes
DMSDEV9235,Sample135 DMS,Sample135,DMS,2991000134,wire-line,Coordinator,5/14/2024,540,no,JOR,male,contractor,1-Mar,DMSDEV9133,yes
DMSDEV9236,Sample136 DMS,Sample136,DMS,2991000135,wireline-logging-operation,Operator,5/15/2024,550,no,GBR,female,full-time,office,DMSDEV9134,yes
DMSDEV9237,Sample137 DMS,Sample137,DMS,2991000136,GOFSCO,Technician,5/16/2024,560,yes,KWT,male,full-time,1-Feb,DMSDEV9101,yes
DMSDEV9238,Sample138 DMS,Sample138,DMS,2991000137,QAPAY,Supervisor,5/17/2024,570,no,IND,female,contract,1-May,DMSDEV9102,yes
DMSDEV9239,Sample139 DMS,Sample139,DMS,2991000138,administration-cleaner,Engineer,5/18/2024,580,no,EGY,male,contractor,1-Jan,DMSDEV9103,yes
DMSDEV9240,Sample140 DMS,Sample140,DMS,2991000139,administration-receptionist,Coordinator,5/19/2024,590,no,BGD,female,full-time,1-Mar,DMSDEV9104,yes
DMSDEV9241,Sample141 DMS,Sample141,DMS,2991000140,business-development,Operator,5/20/2024,600,no,LKA,male,full-time,office,DMSDEV9105,yes
DMSDEV9242,Sample142 DMS,Sample142,DMS,2991000141,ceo-office,Technician,5/21/2024,610,no,NPL,female,contract,1-Feb,DMSDEV9106,yes
DMSDEV9243,Sample143 DMS,Sample143,DMS,2991000142,coiled-tubing,Supervisor,5/22/2024,620,no,JOR,male,contractor,1-May,DMSDEV9107,yes
DMSDEV9244,Sample144 DMS,Sample144,DMS,2991000143,coiled-tubing-kiri,Engineer,5/23/2024,630,no,GBR,female,full-time,1-Jan,DMSDEV9108,yes
DMSDEV9245,Sample145 DMS,Sample145,DMS,2991000144,drilling,Coordinator,5/24/2024,640,yes,KWT,male,full-time,1-Mar,DMSDEV9109,yes
DMSDEV9246,Sample146 DMS,Sample146,DMS,2991000145,drilling-rig-61,Operator,5/25/2024,650,no,IND,female,contract,office,DMSDEV9110,yes
DMSDEV9247,Sample147 DMS,Sample147,DMS,2991000146,finance-department,Technician,5/26/2024,660,no,EGY,male,contractor,1-Feb,DMSDEV9111,yes
DMSDEV9248,Sample148 DMS,Sample148,DMS,2991000147,fleet-transportation,Supervisor,5/27/2024,670,no,BGD,female,full-time,1-May,DMSDEV9112,yes
DMSDEV9249,Sample149 DMS,Sample149,DMS,2991000148,gate-pass-department,Engineer,5/28/2024,680,no,LKA,male,full-time,1-Jan,DMSDEV9113,yes
DMSDEV9250,Sample150 DMS,Sample150,DMS,2991000149,government-relations-gro,Coordinator,5/29/2024,690,no,NPL,female,contract,1-Mar,DMSDEV9114,yes
DMSDEV9251,Sample151 DMS,Sample151,DMS,2991000150,health-safety-environment,Operator,5/30/2024,200,no,JOR,male,contractor,office,DMSDEV9115,yes
DMSDEV9252,Sample152 DMS,Sample152,DMS,2991000151,human-resources-department,Technician,5/31/2024,210,no,GBR,female,full-time,1-Feb,DMSDEV9116,yes
DMSDEV9253,Sample153 DMS,Sample153,DMS,2991000152,it,Supervisor,6/1/2024,220,yes,KWT,male,full-time,1-May,DMSDEV9117,yes
DMSDEV9254,Sample154 DMS,Sample154,DMS,2991000153,khafjiwhm,Engineer,6/2/2024,230,no,IND,female,contract,1-Jan,DMSDEV9118,yes
DMSDEV9255,Sample155 DMS,Sample155,DMS,2991000154,kjo,Coordinator,6/3/2024,240,no,EGY,male,contractor,1-Mar,DMSDEV9119,yes
DMSDEV9256,Sample156 DMS,Sample156,DMS,2991000155,maintenance-department,Operator,6/4/2024,250,no,BGD,female,full-time,office,DMSDEV9120,yes
DMSDEV9257,Sample157 DMS,Sample157,DMS,2991000156,procurement-logistics,Technician,6/5/2024,260,no,LKA,male,full-time,1-Feb,DMSDEV9121,yes
DMSDEV9258,Sample158 DMS,Sample158,DMS,2991000157,progressive-cavity-pump-pcp,Supervisor,6/6/2024,270,no,NPL,female,contract,1-May,DMSDEV9122,yes
DMSDEV9259,Sample159 DMS,Sample159,DMS,2991000158,residency,Engineer,6/7/2024,280,no,JOR,male,contractor,1-Jan,DMSDEV9123,yes
DMSDEV9260,Sample160 DMS,Sample160,DMS,2991000159,sales-marketing,Coordinator,6/8/2024,290,no,GBR,female,full-time,1-Mar,DMSDEV9124,yes
DMSDEV9261,Sample161 DMS,Sample161,DMS,2991000160,security,Operator,6/9/2024,300,yes,KWT,male,full-time,office,DMSDEV9125,yes
DMSDEV9262,Sample162 DMS,Sample162,DMS,2991000161,slickline,Technician,6/10/2024,310,no,IND,female,contract,1-Feb,DMSDEV9126,yes
DMSDEV9263,Sample163 DMS,Sample163,DMS,2991000162,store,Supervisor,6/11/2024,320,no,EGY,male,contractor,1-May,DMSDEV9127,yes
DMSDEV9264,Sample164 DMS,Sample164,DMS,2991000163,sulphur-transport,Engineer,6/12/2024,330,no,BGD,female,full-time,1-Jan,DMSDEV9128,yes
DMSDEV9265,Sample165 DMS,Sample165,DMS,2991000164,surface-well-testing,Coordinator,6/13/2024,340,no,LKA,male,full-time,1-Mar,DMSDEV9129,yes
DMSDEV9266,Sample166 DMS,Sample166,DMS,2991000165,surface-well-testing-international,Operator,6/14/2024,350,no,NPL,female,contract,office,DMSDEV9130,yes
DMSDEV9267,Sample167 DMS,Sample167,DMS,2991000166,surface-well-testing-international,Technician,6/15/2024,360,no,JOR,male,contractor,1-Feb,DMSDEV9130,yes
DMSDEV9268,Sample168 DMS,Sample168,DMS,2991000167,third-party-crane-operator,Supervisor,6/16/2024,370,no,GBR,female,full-time,1-May,DMSDEV9132,yes
DMSDEV9269,Sample169 DMS,Sample169,DMS,2991000168,wire-line,Engineer,6/17/2024,380,yes,KWT,male,full-time,1-Jan,DMSDEV9133,yes
DMSDEV9270,Sample170 DMS,Sample170,DMS,2991000169,wireline-logging-operation,Coordinator,6/18/2024,390,no,IND,female,contract,1-Mar,DMSDEV9134,yes
DMSDEV9271,Sample171 DMS,Sample171,DMS,2991000170,GOFSCO,Operator,6/19/2024,400,no,EGY,male,contractor,office,DMSDEV9101,yes
DMSDEV9272,Sample172 DMS,Sample172,DMS,2991000171,QAPAY,Technician,6/20/2024,410,no,BGD,female,full-time,1-Feb,DMSDEV9102,yes
DMSDEV9273,Sample173 DMS,Sample173,DMS,2991000172,administration-cleaner,Supervisor,6/21/2024,420,no,LKA,male,full-time,1-May,DMSDEV9103,yes
DMSDEV9274,Sample174 DMS,Sample174,DMS,2991000173,administration-receptionist,Engineer,6/22/2024,430,no,NPL,female,contract,1-Jan,DMSDEV9104,yes
DMSDEV9275,Sample175 DMS,Sample175,DMS,2991000174,business-development,Coordinator,6/23/2024,440,no,JOR,male,contractor,1-Mar,DMSDEV9105,yes
DMSDEV9276,Sample176 DMS,Sample176,DMS,2991000175,ceo-office,Operator,6/24/2024,450,no,GBR,female,full-time,office,DMSDEV9106,yes
DMSDEV9277,Sample177 DMS,Sample177,DMS,2991000176,coiled-tubing,Technician,6/25/2024,460,yes,KWT,male,full-time,1-Feb,DMSDEV9107,yes
DMSDEV9278,Sample178 DMS,Sample178,DMS,2991000177,coiled-tubing-kiri,Supervisor,6/26/2024,470,no,IND,female,contract,1-May,DMSDEV9108,yes
DMSDEV9279,Sample179 DMS,Sample179,DMS,2991000178,drilling,Engineer,6/27/2024,480,no,EGY,male,contractor,1-Jan,DMSDEV9109,yes
DMSDEV9280,Sample180 DMS,Sample180,DMS,2991000179,drilling-rig-61,Coordinator,6/28/2024,490,no,BGD,female,full-time,1-Mar,DMSDEV9110,yes
DMSDEV9281,Sample181 DMS,Sample181,DMS,2991000180,finance-department,Operator,6/29/2024,500,no,LKA,male,full-time,office,DMSDEV9111,yes
DMSDEV9282,Sample182 DMS,Sample182,DMS,2991000181,fleet-transportation,Technician,6/30/2024,510,no,NPL,female,contract,1-Feb,DMSDEV9112,yes
DMSDEV9283,Sample183 DMS,Sample183,DMS,2991000182,gate-pass-department,Supervisor,7/1/2024,520,no,JOR,male,contractor,1-May,DMSDEV9113,yes
DMSDEV9284,Sample184 DMS,Sample184,DMS,2991000183,government-relations-gro,Engineer,7/2/2024,530,no,GBR,female,full-time,1-Jan,DMSDEV9114,yes
DMSDEV9285,Sample185 DMS,Sample185,DMS,2991000184,health-safety-environment,Coordinator,7/3/2024,540,yes,KWT,male,full-time,1-Mar,DMSDEV9115,yes
DMSDEV9286,Sample186 DMS,Sample186,DMS,2991000185,human-resources-department,Operator,7/4/2024,550,no,IND,female,contract,office,DMSDEV9116,yes
DMSDEV9287,Sample187 DMS,Sample187,DMS,2991000186,it,Technician,7/5/2024,560,no,EGY,male,contractor,1-Feb,DMSDEV9117,yes
DMSDEV9288,Sample188 DMS,Sample188,DMS,2991000187,khafjiwhm,Supervisor,7/6/2024,570,no,BGD,female,full-time,1-May,DMSDEV9118,yes
DMSDEV9289,Sample189 DMS,Sample189,DMS,2991000188,kjo,Engineer,7/7/2024,580,no,LKA,male,full-time,1-Jan,DMSDEV9119,yes
DMSDEV9290,Sample190 DMS,Sample190,DMS,2991000189,maintenance-department,Coordinator,7/8/2024,590,no,NPL,female,contract,1-Mar,DMSDEV9120,yes
DMSDEV9291,Sample191 DMS,Sample191,DMS,2991000190,procurement-logistics,Operator,7/9/2024,600,no,JOR,male,contractor,office,DMSDEV9121,yes
DMSDEV9292,Sample192 DMS,Sample192,DMS,2991000191,progressive-cavity-pump-pcp,Technician,7/10/2024,610,no,GBR,female,full-time,1-Feb,DMSDEV9122,yes
DMSDEV9293,Sample193 DMS,Sample193,DMS,2991000192,residency,Supervisor,7/11/2024,620,yes,KWT,male,full-time,1-May,DMSDEV9123,yes
DMSDEV9294,Sample194 DMS,Sample194,DMS,2991000193,sales-marketing,Engineer,7/12/2024,630,no,IND,female,contract,1-Jan,DMSDEV9124,yes
DMSDEV9295,Sample195 DMS,Sample195,DMS,2991000194,security,Coordinator,7/13/2024,640,no,EGY,male,contractor,1-Mar,DMSDEV9125,yes
DMSDEV9296,Sample196 DMS,Sample196,DMS,2991000195,slickline,Operator,7/14/2024,650,no,BGD,female,full-time,office,DMSDEV9126,yes
DMSDEV9297,Sample197 DMS,Sample197,DMS,2991000196,store,Technician,7/15/2024,660,no,LKA,male,full-time,1-Feb,DMSDEV9127,yes
DMSDEV9298,Sample198 DMS,Sample198,DMS,2991000197,sulphur-transport,Supervisor,7/16/2024,670,no,NPL,female,contract,1-May,DMSDEV9128,yes
DMSDEV9299,Sample199 DMS,Sample199,DMS,2991000198,surface-well-testing,Engineer,7/17/2024,680,no,JOR,male,contractor,1-Jan,DMSDEV9129,yes
DMSDEV9300,Sample200 DMS,Sample200,DMS,2991000199,surface-well-testing-international,Coordinator,7/18/2024,690,no,GBR,female,full-time,1-Mar,DMSDEV9130,yes
