entity_type,module,table,field,description,domain,classification,semantic_type,glossary_term,tags
table,Smart Village,monthly_electricity,,Smart Village monthly electricity consumption for buildings 401 and 2401,Emissions & Sustainability,internal,energy_consumption,Scope 2,Electricity|Scope 2
table,Smart Village,monthly_chilled_water,,Smart Village monthly chilled water consumption for meters 2401-1 and 2401-2,Emissions & Sustainability,internal,cooling_consumption,Scope 2,Water|Scope 2
table,Smart Village,monthly_water,,Smart Village monthly water consumption for buildings 401 and 2401,Emissions & Sustainability,internal,water_consumption,Scope 3,Water|Scope 3
table,Smart Village,ghg_inventory,,Smart Village GHG inventory across all scopes for FY 2023-24,Emissions & Sustainability,internal,ghg_inventory,GHG Inventory,Carbon|GHG Protocol
table,Abu Qir,monthly_electricity,,Abu Qir monthly electricity consumption for the campus,Emissions & Sustainability,internal,energy_consumption,Scope 2,Electricity|Scope 2
table,Abu Qir,monthly_fuel,,Abu Qir monthly fuel consumption for gasoline and diesel,Emissions & Sustainability,internal,fuel_consumption,Scope 1,Fuel|Scope 1
table,Abu Qir,refrigerants,,Abu Qir refrigerant cylinder inventory for FY 2025-26,Emissions & Sustainability,internal,refrigerant_inventory,Scope 1,Refrigerants|Scope 1
table,South Valley,scope12_activity,,Aswan South Valley Scope 1 and 2 activity data for FY 2025-26,Emissions & Sustainability,internal,ghg_activity,GHG Inventory,Carbon|GHG Protocol
table,South Valley,scope3_activity,,Aswan South Valley Scope 3 activity data for FY 2025-26,Emissions & Sustainability,internal,ghg_activity,Scope 3,Carbon|Scope 3
